abc123def456ghi789jk0001,jane.doe@test.com,true,UkVEQUNURUQ9PT0=,NaCl0001base64==,Jane Doe,,,,,,,,,,,,,,,,,,1704067200000,1704153600000,,,,
abc123def456ghi789jk0002,john.smith@test.com,true,UkVEQUNURUQ9PT0=,NaCl0002base64==,John Smith,,,,,,,,,,,,,,,,,,1704067200000,1704240000000,,,,
abc123def456ghi789jk0003,alice.johnson@test.com,false,,,,,,,,,,,,,,,,,,,,,1704067200000,,,,,
abc123def456ghi789jk0004,bob.williams@test.com,true,UkVEQUNURUQ9PT0=,NaCl0004base64==,Bob Williams,,,,,,,,,,,,,,,,,,1704153600000,1704326400000,+12125550100,,,
abc123def456ghi789jk0005,carol.davis@test.com,true,UkVEQUNURUQ9PT0=,NaCl0005base64==,Carol Davis,,,,,,,,,,,,,,,,,,1704153600000,1704412800000,,,,
abc123def456ghi789jk0006,david.miller@test.com,true,,,David Miller,,,,,,,,,,,,,,,,,,1704240000000,1704499200000,,,,
abc123def456ghi789jk0007,emma.wilson@test.com,true,UkVEQUNURUQ9PT0=,NaCl0007base64==,Emma Wilson,,,,,,,,,,,,,,,,,,1704240000000,1704585600000,,,,
abc123def456ghi789jk0008,,false,,,,,,,,,,,,,,,,,,,,,1704326400000,1704672000000,+12125550101,,,
abc123def456ghi789jk0009,frank.brown@test.com,true,UkVEQUNURUQ9PT0=,NaCl0009base64==,Frank Brown,,,,,,,,,,,,,,,,,,1704326400000,1704758400000,,false,,
abc123def456ghi789jk0010,grace.taylor@test.com,true,UkVEQUNURUQ9PT0=,NaCl0010base64==,Grace Taylor,,,,,,,,,,,,,,,,,,1704412800000,1704844800000,,,,
abc123def456ghi789jk0011,henry.anderson@test.com,false,UkVEQUNURUQ9PT0=,NaCl0011base64==,Henry Anderson,,,,,,,,,,,,,,,,,,1704412800000,,,,,
abc123def456ghi789jk0012,ivy.thomas@test.com,true,UkVEQUNURUQ9PT0=,NaCl0012base64==,Ivy Thomas,,,,,,,,,,,,,,,,,,1704499200000,1704931200000,+12125550102,,,
abc123def456ghi789jk0013,jack.jackson@test.com,true,,,Jack Jackson,,,,,,,,,,,,,,,,,,1704499200000,1705017600000,,,,
abc123def456ghi789jk0014,kate.white@test.com,true,UkVEQUNURUQ9PT0=,NaCl0014base64==,Kate White,,,,,,,,,,,,,,,,,,1704585600000,1705104000000,,,,
abc123def456ghi789jk0015,leo.harris@test.com,true,UkVEQUNURUQ9PT0=,NaCl0015base64==,Leo Harris,,,,,,,,,,,,,,,,,,1704585600000,1705190400000,,true,,
abc123def456ghi789jk0016,,false,,,,,,,,,,,,,,,,,,,,,1704672000000,1705276800000,+12125550103,,,
abc123def456ghi789jk0017,mia.martin@test.com,true,UkVEQUNURUQ9PT0=,NaCl0017base64==,Mia Martin,,,,,,,,,,,,,,,,,,1704672000000,1705363200000,,,,
abc123def456ghi789jk0018,nick.garcia@test.com,true,UkVEQUNURUQ9PT0=,NaCl0018base64==,Nick Garcia,,,,,,,,,,,,,,,,,,1704758400000,1705449600000,,,,
abc123def456ghi789jk0019,olivia.martinez@test.com,true,UkVEQUNURUQ9PT0=,NaCl0019base64==,Olivia Martinez,,,,,,,,,,,,,,,,,,1704758400000,1705536000000,+12125550104,,,
abc123def456ghi789jk0020,peter.robinson@test.com,true,UkVEQUNURUQ9PT0=,NaCl0020base64==,Peter Robinson,,,,,,,,,,,,,,,,,,1704844800000,1705622400000,,,,
abc123def456ghi789jk0021,quinn.lee@test.com,true,UkVEQUNURUQ9PT0=,NaCl0021base64==,Quinn Lee,,,,,,,,,,,,,,,,,,1704844800000,1705708800000,,,,
abc123def456ghi789jk0022,rachel.clark@test.com,true,UkVEQUNURUQ9PT0=,NaCl0022base64==,Rachel Clark,,,,,,,,,,,,,,,,,,1704931200000,1705795200000,,,,
abc123def456ghi789jk0023,sam.wright@test.com,false,UkVEQUNURUQ9PT0=,NaCl0023base64==,Sam Wright,,,,,,,,,,,,,,,,,,1704931200000,,,,,
abc123def456ghi789jk0024,tina.lopez@test.com,true,UkVEQUNURUQ9PT0=,NaCl0024base64==,Tina Lopez,,,,,,,,,,,,,,,,,,1705017600000,1705881600000,+12125550105,,,
abc123def456ghi789jk0025,,false,,,,,,,,,,,,,,,,,,,,,1705017600000,1705968000000,+12125550106,,,
abc123def456ghi789jk0026,victor.hill@test.com,true,UkVEQUNURUQ9PT0=,NaCl0026base64==,Victor Hill,,,,,,,,,,,,,,,,,,1705104000000,1706054400000,,,,
abc123def456ghi789jk0027,wendy.scott@test.com,true,UkVEQUNURUQ9PT0=,NaCl0027base64==,Wendy Scott,,,,,,,,,,,,,,,,,,1705104000000,1706140800000,,,,
abc123def456ghi789jk0028,xavier.green@test.com,true,,,Xavier Green,,,,,,,,,,,,,,,,,,1705190400000,1706227200000,,,,
abc123def456ghi789jk0029,yolanda.adams@test.com,true,UkVEQUNURUQ9PT0=,NaCl0029base64==,Yolanda Adams,,,,,,,,,,,,,,,,,,1705190400000,1706313600000,,,,
abc123def456ghi789jk0030,zach.baker@test.com,true,UkVEQUNURUQ9PT0=,NaCl0030base64==,Zach Baker,,,,,,,,,,,,,,,,,,1705276800000,1706400000000,,false,,
abc123def456ghi789jk0031,amy.nelson@test.com,true,UkVEQUNURUQ9PT0=,NaCl0031base64==,Amy Nelson,,,,,,,,,,,,,,,,,,1705276800000,1706486400000,,,,
abc123def456ghi789jk0032,brian.carter@test.com,false,UkVEQUNURUQ9PT0=,NaCl0032base64==,Brian Carter,,,,,,,,,,,,,,,,,,1705363200000,,,,,
abc123def456ghi789jk0033,,false,,,,,,,,,,,,,,,,,,,,,1705363200000,1706572800000,+12125550107,,,
abc123def456ghi789jk0034,diana.mitchell@test.com,true,UkVEQUNURUQ9PT0=,NaCl0034base64==,Diana Mitchell,,,,,,,,,,,,,,,,,,1705449600000,1706659200000,+12125550108,,,
abc123def456ghi789jk0035,ethan.perez@test.com,true,UkVEQUNURUQ9PT0=,NaCl0035base64==,Ethan Perez,,,,,,,,,,,,,,,,,,1705449600000,1706745600000,,,,
abc123def456ghi789jk0036,fiona.roberts@test.com,true,UkVEQUNURUQ9PT0=,NaCl0036base64==,Fiona Roberts,,,,,,,,,,,,,,,,,,1705536000000,1706832000000,,,,
abc123def456ghi789jk0037,george.turner@test.com,true,,,George Turner,,,,,,,,,,,,,,,,,,1705536000000,1706918400000,,,,
abc123def456ghi789jk0038,hannah.phillips@test.com,true,UkVEQUNURUQ9PT0=,NaCl0038base64==,Hannah Phillips,,,,,,,,,,,,,,,,,,1705622400000,1707004800000,,,,
abc123def456ghi789jk0039,ian.campbell@test.com,true,UkVEQUNURUQ9PT0=,NaCl0039base64==,Ian Campbell,,,,,,,,,,,,,,,,,,1705622400000,1707091200000,,true,,
abc123def456ghi789jk0040,julia.parker@test.com,true,UkVEQUNURUQ9PT0=,NaCl0040base64==,Julia Parker,,,,,,,,,,,,,,,,,,1705708800000,1707177600000,+12125550109,,,
abc123def456ghi789jk0041,,false,,,,,,,,,,,,,,,,,,,,,1705708800000,1707264000000,+12125550110,,,
abc123def456ghi789jk0042,kevin.evans@test.com,true,UkVEQUNURUQ9PT0=,NaCl0042base64==,Kevin Evans,,,,,,,,,,,,,,,,,,1705795200000,1707350400000,,,,
abc123def456ghi789jk0043,laura.edwards@test.com,false,UkVEQUNURUQ9PT0=,NaCl0043base64==,Laura Edwards,,,,,,,,,,,,,,,,,,1705795200000,,,,,
abc123def456ghi789jk0044,mark.collins@test.com,true,UkVEQUNURUQ9PT0=,NaCl0044base64==,Mark Collins,,,,,,,,,,,,,,,,,,1705881600000,1707436800000,,,,
abc123def456ghi789jk0045,nina.stewart@test.com,true,UkVEQUNURUQ9PT0=,NaCl0045base64==,Nina Stewart,,,,,,,,,,,,,,,,,,1705881600000,1707523200000,,,,
abc123def456ghi789jk0046,oscar.sanchez@test.com,true,,,Oscar Sanchez,,,,,,,,,,,,,,,,,,1705968000000,1707609600000,,,,
abc123def456ghi789jk0047,paula.morris@test.com,true,UkVEQUNURUQ9PT0=,NaCl0047base64==,Paula Morris,,,,,,,,,,,,,,,,,,1705968000000,1707696000000,+12125550111,,,
abc123def456ghi789jk0048,quentin.rogers@test.com,true,UkVEQUNURUQ9PT0=,NaCl0048base64==,Quentin Rogers,,,,,,,,,,,,,,,,,,1706054400000,1707782400000,,,,
abc123def456ghi789jk0049,,false,,,,,,,,,,,,,,,,,,,,,1706054400000,1707868800000,+12125550112,,,
abc123def456ghi789jk0050,rosa.reed@test.com,true,UkVEQUNURUQ9PT0=,NaCl0050base64==,Rosa Reed,,,,,,,,,,,,,,,,,,1706140800000,1707955200000,,false,,
